part_id,staff,measure,onset_divisions,absolute_divisions,line,placement,syllabic,engraved_syllable,wordbuilder_token,extend,duration_divisions
P1,Soprano S,4,0,64,1,below,single,no,no,,16
P1,Soprano S,4,16,80,1,below,single,light,light,yes,16
P1,Soprano S,7,0,160,1,below,single,dark,dark,,8
P1,Soprano S,7,8,168,1,below,single,night?,night?,,16
P1,Soprano S,8,8,200,1,below,single,This,This,,8
P1,Soprano S,8,16,208,1,below,single,world,world,,8
P1,Soprano S,8,24,216,1,below,single,is,is,,8
P1,Soprano S,9,0,224,1,below,single,loud;,loud;,,8
P1,Soprano S,9,8,232,1,below,single,what,what,,8
P1,Soprano S,9,16,240,1,below,single,binds,binds,,8
P1,Soprano S,9,24,248,1,below,single,us,us,,8
P1,Soprano S,10,0,256,1,below,single,now?,now?,,8
P1,Soprano S,10,16,272,1,below,single,Soul?,Soul?,,16
P1,Soprano S,15,28,444,1,below,single,Look,Look,,2
P1,Soprano S,15,30,446,1,below,single,at,at,,2
P1,Soprano S,16,0,448,1,below,single,this!,this!,,8
P1,Soprano S,16,28,476,1,below,single,This,This,,4
P1,Soprano S,17,0,480,1,below,begin,ten,ten-,,6
P1,Soprano S,17,6,486,1,below,end,der,-der,,2
P1,Soprano S,17,8,488,1,below,single,world.,world.,,16
P1,Soprano S,17,24,504,1,below,single,Yet,Yet,,8
P1,Soprano S,18,0,512,1,below,single,love,love,yes,8
P1,Soprano S,19,8,552,1,below,single,shines,shines,,16
P1,Soprano S,19,24,568,1,below,single,through,through,yes,8
P1,Soprano S,20,24,600,1,below,single,though,though,yes,8
P1,Soprano S,21,16,624,1,below,single,in,in,,12
P1,Soprano S,21,28,636,1,below,single,the,the,,4
P1,Soprano S,22,0,640,1,below,single,night,night,,24
P1,Soprano S,23,8,680,1,below,single,our,our,yes,6
P1,Soprano S,23,28,700,1,below,single,eyes,eyes,,4
P1,Soprano S,24,4,708,1,below,single,fail,fail,yes,4
P1,Soprano S,24,28,732,1,below,begin,a,a-,,4
P1,Soprano S,25,0,736,1,below,end,las,-las,,24
P1,Soprano S,25,24,760,1,below,single,in,in,,8
P1,Soprano S,26,0,768,1,below,single,time,time,,12
P1,Soprano S,26,12,780,1,below,single,we,we,,4
P1,Soprano S,26,16,784,1,below,single,feel,feel,yes,16
P1,Soprano S,27,8,808,1,below,single,less,less,yes,8
P1,Soprano S,28,0,832,1,below,single,and,and,,16
P1,Soprano S,28,16,848,1,below,single,less,less,yes,16
P1,Soprano S,32,20,980,1,below,single,Who,Who,yes,4
P1,Soprano S,33,8,992,1,below,single,can,can,,4
P1,Soprano S,33,12,996,1,below,single,feel?,feel?,yes,4
P1,Soprano S,36,8,1064,1,below,single,Who,Who,yes,8
P1,Soprano S,36,28,1084,1,below,single,feels,feels,yes,4
P1,Soprano S,37,4,1092,1,below,single,these,these,yes,4
P1,Soprano S,37,16,1104,1,below,begin,with,with-,,4
P1,Soprano S,37,20,1108,1,below,end,ered,-ered,,4
P1,Soprano S,37,24,1112,1,below,single,trees,trees,yes,8
P1,Soprano S,41,16,1232,1,below,single,where,where,,16
P1,Soprano S,42,0,1248,1,below,single,is,is,,12
P1,Soprano S,42,12,1260,1,below,single,the,the,,4
P1,Soprano S,42,16,1264,1,below,single,sun,sun,yes,16
P1,Soprano S,52,0,1520,1,below,single,What,What,,4
P1,Soprano S,52,4,1524,1,below,single,are,are,yes,4
P1,Soprano S,52,10,1530,1,below,begin,won,won-,,2
P1,Soprano S,52,20,1540,1,below,end,ders,-ders,,4
P1,Soprano S,53,0,1544,1,below,single,in,in,,8
P1,Soprano S,53,12,1556,1,below,single,night?,night?,,12
P1,Soprano S,57,8,1648,1,below,single,Where,Where,,8
P1,Soprano S,57,16,1656,1,below,single,sleeps,sleeps,yes,8
P1,Soprano S,58,4,1668,1,below,single,the,the,,4
P1,Soprano S,58,8,1672,1,below,single,light?,light?,yes,16
P1,Soprano S,60,28,1740,1,below,single,Deep,Deep,yes,4
P1,Soprano S,61,16,1760,1,below,begin,shad,shad-,,4
P1,Soprano S,61,20,1764,1,below,end,ows,-ows,,12
P1,Soprano S,62,16,1792,1,below,single,live,live,yes,8
P1,Soprano S,63,16,1816,1,below,single,in,in,yes,8
P1,Soprano S,65,8,1856,1,below,single,night.,night.,,16
P1,Soprano S,66,16,1888,1,below,single,We,We,,4
P1,Soprano S,66,20,1892,1,below,begin,car,car-,,4
P1,Soprano S,66,26,1898,1,below,end,ry,-ry,,2
P1,Soprano S,66,28,1900,1,below,single,on,on,yes,4
P1,Soprano S,67,4,1908,1,below,single,with,with,,4
P1,Soprano S,67,8,1912,1,below,begin,flash,flash-,,8
P1,Soprano S,67,20,1924,1,below,end,lights,-lights,,4
P1,Soprano S,68,16,1952,1,below,single,we,we,,4
P1,Soprano S,68,20,1956,1,below,begin,car,car-,,4
P1,Soprano S,68,26,1962,1,below,end,ry,-ry,,2
P1,Soprano S,68,28,1964,1,below,single,on,on,yes,4
P1,Soprano S,69,16,1984,1,below,single,in,in,,16
P1,Soprano S,70,0,2000,1,below,single,this:,this:,,24
P1,Soprano S,71,8,2032,1,below,single,new,new,,16
P1,Soprano S,72,0,2048,1,below,single,world.,world.,yes,24
P1,Soprano S,73,16,2088,1,below,single,Our,Our,,4
P1,Soprano S,73,20,2092,1,below,single,one,one,yes,4
P1,Soprano S,75,8,2120,1,below,single,world,world,yes,16
P1,Soprano S,77,0,2160,1,below,single,This,This,,16
P1,Soprano S,77,16,2176,1,below,single,Brave,Brave,,16
P1,Soprano S,78,4,2196,1,below,single,World,World,yes,4
P1,Soprano S,89,16,2552,1,below,single,warm,warm,yes,16
P1,Soprano S,90,24,2592,1,below,single,"breath,","breath,",yes,8
P1,Soprano S,91,24,2624,1,below,single,warm,warm,yes,8
P1,Soprano S,93,0,2664,1,below,single,hands:,hands:,,16
P1,Soprano S,93,24,2688,1,below,begin,to,to-,yes,8
P1,Soprano S,94,12,2708,1,below,middle,geth,geth-,yes,4
P1,Soprano S,95,8,2736,1,below,end,er.,-er.,yes,24
P1,Soprano S,101,16,2936,1,below,begin,car,car-,,16
P1,Soprano S,102,0,2952,1,below,end,ry,-ry,,8
P1,Soprano S,102,16,2968,1,below,single,yours,yours,yes,12
P1,Soprano S,103,16,3000,1,below,single,too,too,,16
P1,Soprano S,104,8,3024,1,below,single,One,One,,24
P1,Soprano S,105,0,3048,1,below,single,"light,","light,",,32
P1,Soprano S,106,8,3088,1,below,single,though,though,,24
P1,Soprano S,107,0,3112,1,below,single,"dim,","dim,",,16
P1,Soprano S,108,0,3144,1,below,single,with,with,,16
P1,Soprano S,108,16,3160,1,below,single,"love,","love,",yes,8
P1,Soprano S,110,0,3192,1,below,single,can,can,,24
P1,Soprano S,110,24,3216,1,below,single,pierce,pierce,yes,8
P1,Soprano S,111,8,3232,1,below,single,can,can,,16
P1,Soprano S,111,24,3248,1,below,single,pierce,pierce,yes,8
P1,Soprano S,112,8,3264,1,below,single,night,night,yes,24
P1,Soprano S,115,0,3352,1,below,single,Who?,Who?,yes,32
P1,Soprano S,117,0,3416,1,below,single,who,who,yes,24
P1,Soprano S,119,0,3472,1,below,single,who,who,yes,24
P1,Soprano S,121,0,3520,1,below,single,who,who,yes,24
P1,Soprano S,123,0,3568,1,below,single,who,who,yes,24
P1,Soprano S,124,16,3608,1,below,single,who,who,yes,8
P1,Soprano S,125,8,3624,1,below,single,who,who,,16
P1,Soprano S,126,0,3640,1,below,single,who,who,,24
P1,Soprano S,127,0,3664,1,below,single,who,who,,24
P1,Soprano S,128,0,3688,1,below,single,who,who,yes,24
P1,Soprano S,130,4,3740,1,below,single,Night,Night,yes,4
P1,Soprano S,133,0,3808,1,below,single,Light,Light,yes,24
P1,Soprano S,134,12,3844,1,below,single,Light,Light,yes,12
P1,Soprano S,136,8,3888,1,below,single,Night,Night,yes,16
P1,Soprano S,139,8,3960,1,below,single,Light,Light,,16
P1,Soprano S,140,8,3984,1,below,single,night,night,yes,16
P1,Soprano S,141,8,4008,1,below,single,light,light,yes,16
P1,Soprano S,142,16,4040,1,below,single,night,night,yes,8
P1,Soprano S,144,16,4088,1,below,single,light,light,yes,8
P1,Soprano S,148,0,4160,1,below,single,night,night,,24
P1,Soprano S,149,0,4184,1,below,single,light,light,yes,24
P2,Alto S,2,0,0,1,below,single,Here,Here,,16
P2,Alto S,2,16,16,1,below,single,"now,","now,",,16
P2,Alto S,3,6,38,1,below,begin,a,a-,,2
P2,Alto S,3,8,40,1,below,end,wake,-wake,,8
P2,Alto S,3,28,60,1,below,begin,with,with-,,4
P2,Alto S,4,0,64,1,below,end,no,-no,,16
P2,Alto S,4,16,80,1,below,single,light,light,yes,16
P2,Alto S,6,8,136,1,below,single,this,this,,8
P2,Alto S,6,16,144,1,below,single,dark,dark,yes,16
P2,Alto S,7,8,168,1,below,single,night?,night?,,16
P2,Alto S,8,8,200,1,below,single,This,This,,8
P2,Alto S,8,16,208,1,below,single,world,world,,8
P2,Alto S,8,24,216,1,below,single,is,is,,8
P2,Alto S,9,0,224,1,below,single,loud;,loud;,,8
P2,Alto S,9,8,232,1,below,single,what,what,,8
P2,Alto S,9,16,240,1,below,single,binds,binds,,8
P2,Alto S,9,24,248,1,below,single,us,us,,8
P2,Alto S,10,0,256,1,below,single,now?,now?,,8
P2,Alto S,10,16,272,1,below,single,"Oh,","Oh,",,16
P2,Alto S,11,0,288,1,below,single,what,what,,8
P2,Alto S,11,8,296,1,below,begin,hol,hol-,,16
P2,Alto S,11,24,312,1,below,end,low,-low,,8
P2,Alto S,12,0,320,1,below,single,faith,faith,,8
P2,Alto S,12,12,332,1,below,single,is,is,,4
P2,Alto S,12,16,336,1,below,single,near?,near?,,8
P2,Alto S,15,28,444,1,below,single,Look,Look,,2
P2,Alto S,15,30,446,1,below,single,at,at,,2
P2,Alto S,16,0,448,1,below,single,this!,this!,,8
P2,Alto S,16,28,476,1,below,single,This,This,,4
P2,Alto S,17,0,480,1,below,begin,ten,ten-,,6
P2,Alto S,17,6,486,1,below,end,der,-der,,2
P2,Alto S,17,8,488,1,below,single,world.,world.,,16
P2,Alto S,17,24,504,1,below,single,Yet,Yet,,8
P2,Alto S,18,0,512,1,below,single,love,love,yes,16
P2,Alto S,19,6,550,1,below,single,shines,shines,yes,2
P2,Alto S,21,16,624,1,below,single,in,in,,12
P2,Alto S,21,28,636,1,below,single,the,the,,4
P2,Alto S,22,0,640,1,below,single,night,night,,24
P2,Alto S,23,8,680,1,below,single,our,our,yes,6
P2,Alto S,23,28,700,1,below,single,eyes,eyes,,4
P2,Alto S,24,4,708,1,below,single,fail,fail,yes,4
P2,Alto S,24,28,732,1,below,begin,a,a-,,4
P2,Alto S,25,0,736,1,below,end,las,-las,,24
P2,Alto S,25,24,760,1,below,single,in,in,,8
P2,Alto S,26,0,768,1,below,single,time,time,,12
P2,Alto S,26,12,780,1,below,single,we,we,,4
P2,Alto S,26,16,784,1,below,single,feel,feel,yes,16
P2,Alto S,27,8,808,1,below,single,less,less,yes,8
P2,Alto S,28,0,832,1,below,single,and,and,,16
P2,Alto S,28,16,848,1,below,single,less,less,yes,16
P2,Alto S,32,20,980,1,below,single,Who,Who,yes,4
P2,Alto S,33,8,992,1,below,single,can,can,,4
P2,Alto S,33,12,996,1,below,single,feel?,feel?,yes,4
P2,Alto S,36,8,1064,1,below,single,Who,Who,yes,8
P2,Alto S,36,28,1084,1,below,single,feels,feels,yes,4
P2,Alto S,37,4,1092,1,below,single,these,these,yes,4
P2,Alto S,37,16,1104,1,below,begin,with,with-,,4
P2,Alto S,37,20,1108,1,below,end,ered,-ered,,4
P2,Alto S,37,24,1112,1,below,single,trees,trees,yes,8
P2,Alto S,39,16,1168,1,below,single,new,new,,8
P2,Alto S,39,24,1176,1,below,single,rains,rains,,8
P2,Alto S,40,0,1184,1,below,single,fall,fall,yes,8
P2,Alto S,40,20,1204,1,below,single,on,on,,4
P2,Alto S,40,24,1208,1,below,begin,drea,drea-,,4
P2,Alto S,40,28,1212,1,below,end,ry,-ry,yes,4
P2,Alto S,41,4,1220,1,below,single,dawns,dawns,yes,4
P2,Alto S,41,28,1244,1,below,single,where,where,,4
P2,Alto S,42,0,1248,1,below,single,is,is,,16
P2,Alto S,42,16,1264,1,below,single,the,the,,8
P2,Alto S,42,24,1272,1,below,single,sun,sun,yes,8
P2,Alto S,43,12,1292,1,below,single,to,to,yes,4
P2,Alto S,43,16,1296,1,below,single,dry,dry,yes,4
P2,Alto S,43,28,1308,1,below,single,our,our,yes,4
P2,Alto S,44,8,1320,1,below,single,new,new,yes,2
P2,Alto S,45,8,1352,1,below,single,day,day,,24
P2,Alto S,52,0,1520,1,below,single,What,What,,4
P2,Alto S,52,4,1524,1,below,single,are,are,yes,4
P2,Alto S,52,10,1530,1,below,begin,won,won-,,2
P2,Alto S,52,20,1540,1,below,end,ders,-ders,,4
P2,Alto S,53,0,1544,1,below,single,in,in,,8
P2,Alto S,53,12,1556,1,below,single,night?,night?,,12
P2,Alto S,57,8,1648,1,below,single,Where,Where,,8
P2,Alto S,57,16,1656,1,below,single,sleeps,sleeps,yes,8
P2,Alto S,58,4,1668,1,below,single,the,the,,4
P2,Alto S,58,8,1672,1,below,single,light?,light?,yes,16
P2,Alto S,60,28,1740,1,below,single,Deep,Deep,yes,4
P2,Alto S,61,16,1760,1,below,begin,shad,shad-,,4
P2,Alto S,61,20,1764,1,below,end,ows,-ows,,12
P2,Alto S,62,16,1792,1,below,single,live,live,yes,8
P2,Alto S,63,16,1816,1,below,single,in,in,yes,8
P2,Alto S,65,8,1856,1,below,single,night.,night.,,16
P2,Alto S,66,16,1888,1,below,single,We,We,,4
P2,Alto S,66,20,1892,1,below,begin,car,car-,,4
P2,Alto S,66,26,1898,1,below,end,ry,-ry,,2
P2,Alto S,66,28,1900,1,below,single,on,on,yes,4
P2,Alto S,67,4,1908,1,below,single,with,with,,4
P2,Alto S,67,8,1912,1,below,begin,flash,flash-,yes,8
P2,Alto S,67,20,1924,1,below,end,lights,-lights,yes,4
P2,Alto S,68,20,1956,1,below,single,in,in,,4
P2,Alto S,68,24,1960,1,below,begin,dark,dark-,,8
P2,Alto S,69,0,1968,1,below,end,ness,-ness,,8
P2,Alto S,69,22,1990,1,below,begin,em,em-,,2
P2,Alto S,69,24,1992,1,below,end,brace,-brace,yes,8
P2,Alto S,71,8,2032,1,below,single,new,new,,16
P2,Alto S,72,0,2048,1,below,single,world.,world.,yes,24
P2,Alto S,73,16,2088,1,below,single,Our,Our,,4
P2,Alto S,73,20,2092,1,below,single,one,one,yes,4
P2,Alto S,75,8,2120,1,below,single,world,world,yes,16
P2,Alto S,77,0,2160,1,below,single,This,This,,16
P2,Alto S,77,16,2176,1,below,single,Brave,Brave,,16
P2,Alto S,78,4,2196,1,below,single,World,World,yes,4
P2,Alto S,89,16,2552,1,below,single,warm,warm,yes,16
P2,Alto S,90,24,2592,1,below,single,"breath,","breath,",yes,8
P2,Alto S,91,24,2624,1,below,single,warm,warm,yes,8
P2,Alto S,92,8,2640,1,below,single,hands:,hands:,yes,24
P2,Alto S,93,24,2688,1,below,begin,to,to-,yes,8
P2,Alto S,94,12,2708,1,below,middle,geth,geth-,yes,4
P2,Alto S,95,24,2752,1,below,end,er.,-er.,yes,8
P2,Alto S,101,16,2936,1,below,begin,car,car-,,16
P2,Alto S,102,0,2952,1,below,end,ry,-ry,,8
P2,Alto S,102,16,2968,1,below,single,yours,yours,,16
P2,Alto S,103,0,2984,1,below,single,too,too,,32
P2,Alto S,104,8,3024,1,below,single,One,One,,24
P2,Alto S,105,0,3048,1,below,single,"light,","light,",,32
P2,Alto S,106,8,3088,1,below,single,though,though,,24
P2,Alto S,107,0,3112,1,below,single,"dim,","dim,",,16
P2,Alto S,108,0,3144,1,below,single,with,with,,16
P2,Alto S,108,16,3160,1,below,single,"love,","love,",yes,8
P2,Alto S,110,0,3192,1,below,single,can,can,,24
P2,Alto S,110,24,3216,1,below,single,pierce,pierce,yes,8
P2,Alto S,111,16,3240,1,below,single,can,can,,12
P2,Alto S,111,28,3252,1,below,single,pierce,pierce,yes,4
P2,Alto S,112,8,3264,1,below,single,night,night,yes,24
P2,Alto S,113,24,3312,1,below,single,night,night,yes,8
P2,Alto S,115,0,3352,1,below,single,Who?,Who?,yes,32
P2,Alto S,118,0,3440,1,below,single,who,who,yes,32
P2,Alto S,120,0,3496,1,below,single,who,who,yes,24
P2,Alto S,122,0,3544,1,below,single,who,who,yes,24
P2,Alto S,124,0,3592,1,below,single,who,who,,16
P2,Alto S,124,16,3608,1,below,single,who,who,yes,8
P2,Alto S,125,16,3632,1,below,single,who,who,,8
P2,Alto S,126,0,3640,1,below,single,who,who,,16
P2,Alto S,126,16,3656,1,below,single,who,who,yes,8
P2,Alto S,129,0,3712,1,below,single,who,who,,24
P2,Alto S,130,4,3740,1,below,single,Night,Night,yes,4
P2,Alto S,133,0,3808,1,below,single,Light,Light,yes,24
P2,Alto S,134,12,3844,1,below,single,Light,Light,yes,12
P2,Alto S,136,8,3888,1,below,single,Night,Night,yes,16
P2,Alto S,139,8,3960,1,below,single,Light,Light,,16
P2,Alto S,140,8,3984,1,below,single,night,night,yes,16
P2,Alto S,141,8,4008,1,below,single,light,light,yes,16
P2,Alto S,142,16,4040,1,below,single,night,night,yes,8
P2,Alto S,144,16,4088,1,below,single,light,light,yes,8
P2,Alto S,148,0,4160,1,below,single,night,night,,24
P2,Alto S,149,0,4184,1,below,single,light,light,yes,24
P3,Baritone S,2,0,0,1,below,single,Here,Here,,16
P3,Baritone S,2,16,16,1,below,single,"now,","now,",,16
P3,Baritone S,3,6,38,1,below,begin,a,a-,,2
P3,Baritone S,3,8,40,1,below,end,wake,-wake,,8
P3,Baritone S,3,28,60,1,below,begin,with,with-,,4
P3,Baritone S,4,0,64,1,below,end,no,-no,,16
P3,Baritone S,4,16,80,1,below,single,light,light,yes,8
P3,Baritone S,5,8,104,1,below,single,Who,Who,,8
P3,Baritone S,5,16,112,1,below,single,sees,sees,,8
P3,Baritone S,5,30,126,1,below,begin,be,be-,,2
P3,Baritone S,6,0,128,1,below,end,yond,-yond,,8
P3,Baritone S,6,8,136,1,below,single,this,this,,8
P3,Baritone S,6,16,144,1,below,single,dark,dark,yes,8
P3,Baritone S,7,8,176,1,below,single,night?,night?,,16
P3,Baritone S,8,8,208,1,below,single,This,This,,8
P3,Baritone S,8,16,216,1,below,single,world,world,,8
P3,Baritone S,8,24,224,1,below,single,is,is,,8
P3,Baritone S,9,0,232,1,below,single,loud;,loud;,,8
P3,Baritone S,9,8,240,1,below,single,what,what,,8
P3,Baritone S,9,16,248,1,below,single,binds,binds,,8
P3,Baritone S,9,24,256,1,below,single,us,us,,8
P3,Baritone S,10,0,272,1,below,single,now?,now?,,8
P3,Baritone S,10,16,288,1,below,single,"Oh,","Oh,",,16
P3,Baritone S,11,0,304,1,below,single,what,what,,8
P3,Baritone S,11,8,312,1,below,begin,hol,hol-,,16
P3,Baritone S,11,24,328,1,below,end,low,-low,,8
P3,Baritone S,12,0,336,1,below,single,faith,faith,,8
P3,Baritone S,12,12,348,1,below,single,is,is,,4
P3,Baritone S,12,16,352,1,below,single,near?,near?,,8
P3,Baritone S,13,0,368,1,below,single,"Here,","Here,",,16
P3,Baritone S,13,16,384,1,below,single,here,here,,16
P3,Baritone S,14,6,406,1,below,begin,re,re-,,2
P3,Baritone S,14,8,408,1,below,middle,mem,mem-,,2
P3,Baritone S,14,10,410,1,below,end,ber,-ber,,2
P3,Baritone S,14,12,412,1,below,single,when,when,,4
P3,Baritone S,14,16,416,1,below,begin,voi,voi-,,4
P3,Baritone S,14,20,420,1,below,end,ces,-ces,,4
P3,Baritone S,14,24,424,1,below,single,rang?,rang?,yes,8
P3,Baritone S,15,28,460,1,below,single,Look,Look,,2
P3,Baritone S,15,30,462,1,below,single,at,at,,2
P3,Baritone S,16,0,464,1,below,single,this!,this!,,8
P3,Baritone S,16,28,492,1,below,single,This,This,,4
P3,Baritone S,17,0,496,1,below,begin,ten,ten-,,6
P3,Baritone S,17,6,502,1,below,end,der,-der,,2
P3,Baritone S,17,8,504,1,below,single,world.,world.,,16
P3,Baritone S,17,24,520,1,below,single,Yet,Yet,,8
P3,Baritone S,18,0,528,1,below,single,love,love,yes,16
P3,Baritone S,19,6,566,1,below,single,shines,shines,yes,2
P3,Baritone S,19,24,584,1,below,single,through,through,yes,8
P3,Baritone S,21,16,640,1,below,single,in,in,,12
P3,Baritone S,21,28,652,1,below,single,the,the,,4
P3,Baritone S,22,0,656,1,below,single,night,night,,24
P3,Baritone S,23,8,696,1,below,single,our,our,yes,6
P3,Baritone S,23,28,716,1,below,single,eyes,eyes,,4
P3,Baritone S,24,4,724,1,below,single,fail,fail,yes,4
P3,Baritone S,24,28,748,1,below,begin,a,a-,,4
P3,Baritone S,25,0,752,1,below,end,las,-las,,24
P3,Baritone S,25,24,776,1,below,single,in,in,,8
P3,Baritone S,26,0,784,1,below,single,time,time,,12
P3,Baritone S,26,12,796,1,below,single,we,we,,4
P3,Baritone S,26,16,800,1,below,single,feel,feel,yes,16
P3,Baritone S,27,8,824,1,below,single,less,less,yes,8
P3,Baritone S,28,0,848,1,below,single,and,and,,16
P3,Baritone S,28,16,864,1,below,single,less,less,yes,16
P3,Baritone S,32,20,996,1,below,single,Who,Who,yes,4
P3,Baritone S,33,8,1008,1,below,single,can,can,,4
P3,Baritone S,33,12,1012,1,below,single,feel?,feel?,yes,4
P3,Baritone S,36,8,1080,1,below,single,Who,Who,yes,8
P3,Baritone S,36,28,1100,1,below,single,feels,feels,yes,4
P3,Baritone S,37,4,1108,1,below,single,these,these,yes,4
P3,Baritone S,37,16,1120,1,below,begin,with,with-,,4
P3,Baritone S,37,20,1124,1,below,end,ered,-ered,,4
P3,Baritone S,37,24,1128,1,below,single,trees,trees,yes,8
P3,Baritone S,39,8,1176,1,below,single,new,new,,16
P3,Baritone S,39,24,1192,1,below,single,rains,rains,yes,4
P3,Baritone S,40,0,1200,1,below,single,fall,fall,,16
P3,Baritone S,40,20,1220,1,below,single,on,on,,4
P3,Baritone S,40,24,1224,1,below,begin,drea,drea-,,4
P3,Baritone S,40,28,1228,1,below,end,ry,-ry,yes,4
P3,Baritone S,41,4,1236,1,below,single,dawns,dawns,yes,4
P3,Baritone S,41,28,1260,1,below,single,where,where,,4
P3,Baritone S,42,0,1264,1,below,single,is,is,,8
P3,Baritone S,42,12,1276,1,below,single,the,the,,4
P3,Baritone S,42,16,1280,1,below,single,sun,sun,,12
P3,Baritone S,42,28,1292,1,below,single,sun,sun,yes,4
P3,Baritone S,43,12,1308,1,below,single,to,to,,4
P3,Baritone S,43,16,1312,1,below,single,dry,dry,yes,4
P3,Baritone S,43,28,1324,1,below,single,our,our,yes,4
P3,Baritone S,44,8,1336,1,below,single,new,new,yes,2
P3,Baritone S,45,8,1368,1,below,single,day,day,,24
P3,Baritone S,46,24,1416,1,below,single,for,for,,16
P3,Baritone S,46,40,1432,1,below,single,night,night,yes,8
P3,Baritone S,49,0,1520,1,below,single,in,in,,16
P3,Baritone S,50,8,1552,1,below,single,night;,night;,,16
P3,Baritone S,51,0,1568,1,below,begin,pre,pre-,,4
P3,Baritone S,51,4,1572,1,below,middle,ced,ced-,,4
P3,Baritone S,51,10,1578,1,below,end,ing,-ing,,2
P3,Baritone S,51,12,1580,1,below,single,night,night,yes,4
P3,Baritone S,53,4,1628,1,below,single,Where,Where,,4
P3,Baritone S,53,8,1632,1,below,single,are,are,yes,8
P3,Baritone S,53,18,1642,1,below,begin,won,won-,,2
P3,Baritone S,54,4,1652,1,below,end,ders,-ders,,4
P3,Baritone S,54,8,1656,1,below,begin,with,with-,,2
P3,Baritone S,54,10,1658,1,below,end,out,-out,yes,6
P3,Baritone S,54,20,1668,1,below,single,stars?,stars?,yes,4
P3,Baritone S,57,8,1728,1,below,single,Where,Where,,8
P3,Baritone S,57,16,1736,1,below,single,sleeps,sleeps,yes,8
P3,Baritone S,58,4,1748,1,below,single,the,the,,4
P3,Baritone S,58,8,1752,1,below,single,light?,light?,yes,16
P3,Baritone S,60,28,1820,1,below,single,Deep,Deep,yes,4
P3,Baritone S,61,16,1840,1,below,begin,shad,shad-,,4
P3,Baritone S,61,20,1844,1,below,end,ows,-ows,,12
P3,Baritone S,62,16,1872,1,below,single,live,live,yes,8
P3,Baritone S,63,16,1896,1,below,single,in,in,yes,8
P3,Baritone S,65,8,1936,1,below,single,night.,night.,,16
P3,Baritone S,68,8,2024,1,below,begin,car,car-,,8
P3,Baritone S,68,20,2036,1,below,end,ry,-ry,,12
P3,Baritone S,69,0,2048,1,below,single,on,on,,24
P3,Baritone S,69,24,2072,1,below,begin,Em,Em-,,4
P3,Baritone S,69,28,2076,1,below,end,brace,-brace,yes,4
P3,Baritone S,70,16,2096,1,below,single,this:,this:,,8
P3,Baritone S,71,8,2112,1,below,single,new,new,,16
P3,Baritone S,72,0,2128,1,below,single,world.,world.,yes,24
P3,Baritone S,73,16,2168,1,below,single,Our,Our,,4
P3,Baritone S,73,20,2172,1,below,single,one,one,yes,4
P3,Baritone S,75,8,2200,1,below,single,world,world,yes,16
P3,Baritone S,77,0,2240,1,below,single,This,This,,16
P3,Baritone S,77,16,2256,1,below,single,Brave,Brave,,16
P3,Baritone S,78,4,2276,1,below,single,World,World,yes,4
P3,Baritone S,89,16,2632,1,below,single,warm,warm,yes,16
P3,Baritone S,91,0,2680,1,below,single,"breath,","breath,",,16
P3,Baritone S,91,24,2704,1,below,single,warm,warm,yes,8
P3,Baritone S,92,8,2720,1,below,single,hands:,hands:,yes,24
P3,Baritone S,93,24,2768,1,below,begin,to,to-,yes,8
P3,Baritone S,95,16,2824,1,below,middle,geth,geth-,,12
P3,Baritone S,95,28,2836,1,below,end,er.,-er.,yes,4
P3,Baritone S,97,8,2880,1,below,single,should,should,,16
P3,Baritone S,97,24,2896,1,below,single,your,your,,8
P3,Baritone S,98,0,2904,1,below,single,"hands,","hands,",,8
P3,Baritone S,102,8,3040,1,below,single,yours,yours,yes,24
P3,Baritone S,103,8,3072,1,below,single,too,too,,24
P3,Baritone S,104,8,3104,1,below,single,One,One,,24
P3,Baritone S,105,0,3128,1,below,single,"light,","light,",,32
P3,Baritone S,106,8,3168,1,below,single,though,though,,16
P3,Baritone S,106,24,3184,1,below,single,"dim,","dim,",,8
P3,Baritone S,107,0,3192,1,below,single,"dim,","dim,",,16
P3,Baritone S,108,0,3224,1,below,single,with,with,,16
P3,Baritone S,108,16,3240,1,below,single,"love,","love,",yes,8
P3,Baritone S,110,0,3272,1,below,single,can,can,,32
P3,Baritone S,111,0,3304,1,below,single,pierce,pierce,yes,32
P3,Baritone S,112,8,3344,1,below,single,night,night,yes,24
P3,Baritone S,113,24,3392,1,below,single,night,night,yes,8
P3,Baritone S,114,8,3408,1,below,single,night,night,yes,8
P3,Baritone S,115,16,3448,1,below,single,Who,Who,yes,16
P3,Baritone S,116,8,3472,1,below,single,are,are,,8
P3,Baritone S,116,16,3480,1,below,single,we?,we?,,8
P3,Baritone S,117,16,3512,1,below,single,Warm,Warm,,8
P3,Baritone S,118,8,3528,1,below,single,hearts,hearts,,8
P3,Baritone S,119,8,3560,1,below,single,light,light,,8
P3,Baritone S,120,8,3584,1,below,single,Where,Where,,8
P3,Baritone S,120,16,3592,1,below,single,are,are,,8
P3,Baritone S,121,0,3600,1,below,single,we?,we?,,8
P3,Baritone S,122,0,3624,1,below,single,In,In,,8
P3,Baritone S,122,16,3640,1,below,single,the,the,,8
P3,Baritone S,124,0,3672,1,below,single,night.,night.,,8
P3,Baritone S,124,16,3688,1,below,single,Who,Who,,8
P3,Baritone S,125,4,3700,1,below,single,are,are,,4
P3,Baritone S,126,0,3720,1,below,single,we?,we?,,8
P3,Baritone S,127,0,3744,1,below,single,Warm,Warm,,4
P3,Baritone S,127,4,3748,1,below,single,hearts,hearts,,4
P3,Baritone S,127,16,3760,1,below,single,light.,light.,,8
P3,Baritone S,128,8,3776,1,below,single,Our,Our,,8
P3,Baritone S,129,8,3800,1,below,single,new,new,,8
P3,Baritone S,129,16,3808,1,below,single,home.,home.,,8
P3,Baritone S,130,4,3820,1,below,single,Night,Night,yes,4
P3,Baritone S,133,0,3888,1,below,single,Light,Light,yes,24
P3,Baritone S,134,12,3924,1,below,single,Light,Light,yes,12
P3,Baritone S,136,8,3968,1,below,single,Night,Night,yes,16
P3,Baritone S,139,8,4040,1,below,single,Light,Light,,16
P3,Baritone S,140,8,4064,1,below,single,night,night,yes,16
P3,Baritone S,141,8,4088,1,below,single,light,light,yes,16
P3,Baritone S,142,16,4120,1,below,single,night,night,yes,8
P3,Baritone S,144,16,4168,1,below,single,light,light,yes,8
P3,Baritone S,148,0,4240,1,below,single,night,night,,24
P3,Baritone S,149,0,4264,1,below,single,light,light,yes,24
P4,Soprano L1/L2,4,0,64,1,above,single,no,no,,16
P4,Soprano L1/L2,4,16,80,1,above,single,light,light,yes,16
P4,Soprano L1/L2,7,16,216,1,above,single,Who,Who,yes,16
P4,Soprano L1/L2,8,8,256,1,above,single,sees?,sees?,,24
P4,Soprano L1/L2,11,6,382,1,above,begin,A,A-,,2
P4,Soprano L1/L2,11,8,384,1,above,end,rise!,-rise!,,24
P4,Soprano L1/L2,12,8,442,1,above,single,Here!,Here!,,16
P4,Soprano L1/L2,12,28,462,1,above,single,Look,Look,,2
P4,Soprano L1/L2,12,30,464,1,above,single,at,at,,2
P4,Soprano L1/L2,13,0,486,1,above,single,this!,this!,,8
P4,Soprano L1/L2,13,12,498,1,above,single,A,A,,2
P4,Soprano L1/L2,13,14,500,1,above,begin,cre,cre-,,2
P4,Soprano L1/L2,13,16,502,1,above,middle,a,a-,,6
P4,Soprano L1/L2,13,22,508,1,above,end,tion,-tion,,2
P4,Soprano L1/L2,13,24,510,1,above,single,age!,age!,yes,8
P4,Soprano L1/L2,14,28,574,1,above,single,They,They,,2
P4,Soprano L1/L2,14,30,576,1,above,single,will,will,,2
P4,Soprano L1/L2,15,0,598,1,above,single,build,build,,8
P4,Soprano L1/L2,15,12,610,1,above,single,as,as,,4
P4,Soprano L1/L2,15,16,614,1,above,single,we,we,,6
P4,Soprano L1/L2,15,22,620,1,above,begin,de,de-,,2
P4,Soprano L1/L2,15,24,622,1,above,end,sign!,-sign!,yes,4
P4,Soprano L1/L2,15,28,626,1,above,single,look,look,,2
P4,Soprano L1/L2,15,30,628,1,above,single,at,at,,2
P4,Soprano L1/L2,16,0,658,1,above,single,this!,this!,,16
P4,Soprano L1/L2,18,12,750,1,above,single,what,what,,2
P4,Soprano L1/L2,18,14,752,1,above,single,a,a,,2
P4,Soprano L1/L2,18,16,754,1,above,single,world!,world!,,16
P4,Soprano L1/L2,19,8,798,1,above,single,tides,tides,,16
P4,Soprano L1/L2,19,24,814,1,above,single,will,will,,8
P4,Soprano L1/L2,20,0,846,1,above,single,start,start,yes,8
P4,Soprano L1/L2,20,14,860,1,above,single,to,to,,2
P4,Soprano L1/L2,20,16,862,1,above,single,turn,turn,yes,16
P4,Soprano L1/L2,31,4,1258,1,above,single,"Here,","Here,",,4
P4,Soprano L1/L2,32,12,1302,1,above,single,look,look,,4
P4,Soprano L1/L2,32,20,1310,1,above,single,"here,","here,",,4
P4,Soprano L1/L2,34,12,1358,1,above,single,look,look,,2
P4,Soprano L1/L2,34,14,1360,1,above,single,at,at,,2
P4,Soprano L1/L2,34,16,1362,1,above,single,this!,this!,,8
P4,Soprano L1/L2,35,4,1386,1,above,single,new,new,yes,4
P4,Soprano L1/L2,36,8,1434,1,above,single,light,light,,8
P4,Soprano L1/L2,38,0,1506,1,above,begin,Shin,Shin-,,12
P4,Soprano L1/L2,38,16,1522,1,above,end,ing,-ing,,8
P4,Soprano L1/L2,38,24,1530,1,above,single,in,in,,4
P4,Soprano L1/L2,38,28,1534,1,above,single,the,the,,4
P4,Soprano L1/L2,38,56,1562,1,below,single,in,in,,8
P4,Soprano L1/L2,39,0,1570,1,above,single,night,night,,16
P4,Soprano L1/L2,39,20,1590,1,above,single,we,we,yes,4
P4,Soprano L1/L2,39,32,1602,1,below,single,night,night,yes,12
P4,Soprano L1/L2,39,48,1618,1,below,single,we,we,,16
P4,Soprano L1/L2,40,4,1638,1,above,single,bloom,bloom,yes,4
P4,Soprano L1/L2,40,40,1674,1,below,single,bloom,bloom,yes,8
P4,Soprano L1/L2,41,4,1702,1,above,single,as,as,yes,4
P4,Soprano L1/L2,41,36,1734,1,below,single,as,as,yes,4
P4,Soprano L1/L2,42,0,1762,1,above,begin,au,au-,,32
P4,Soprano L1/L2,43,0,1826,1,above,end,tumn,-tumn,,8
P4,Soprano L1/L2,45,0,1898,1,above,single,Here,Here,yes,8
P4,Soprano L1/L2,48,8,1990,1,above,single,With,With,,8
P4,Soprano L1/L2,48,16,1998,1,above,begin,co,co-,,8
P4,Soprano L1/L2,49,4,2026,1,above,end,lor,-lor,,12
P4,Soprano L1/L2,49,16,2038,1,above,begin,pre,pre-,,8
P4,Soprano L1/L2,50,0,2070,1,above,middle,ced,ced-,,16
P4,Soprano L1/L2,50,16,2086,1,above,end,ing,-ing,,8
P4,Soprano L1/L2,51,4,2122,1,above,single,night,night,yes,4
P4,Soprano L1/L2,52,4,2186,1,above,single,ah,ah,,4
P4,Soprano L1/L2,52,12,2194,1,above,single,ah,ah,,4
P4,Soprano L1/L2,52,20,2202,1,above,single,ah,ah,yes,4
P4,Soprano L1/L2,53,8,2230,1,above,single,ah,ah,,16
P4,Soprano L1/L2,54,0,2270,1,above,begin,flur,flur-,,4
P4,Soprano L1/L2,54,4,2274,1,above,end,ries,-ries,,8
P4,Soprano L1/L2,54,12,2282,1,above,single,of,of,,4
P4,Soprano L1/L2,54,16,2286,1,above,begin,co,co-,,8
P4,Soprano L1/L2,54,24,2294,2,below,begin,flur,flur-,,4
P4,Soprano L1/L2,54,36,2306,2,below,end,ries,-ries,yes,12
P4,Soprano L1/L2,55,4,2322,1,above,end,lor,-lor,,8
P4,Soprano L1/L2,55,12,2330,1,above,single,in,in,,12
P4,Soprano L1/L2,55,28,2346,2,below,single,of,of,,8
P4,Soprano L1/L2,55,36,2354,2,below,begin,co,co-,,12
P4,Soprano L1/L2,56,0,2366,1,above,single,the,the,,8
P4,Soprano L1/L2,56,8,2374,1,above,single,sky,sky,,16
P4,Soprano L1/L2,56,24,2390,2,below,end,lor,-lor,,8
P4,Soprano L1/L2,56,32,2398,2,below,single,in,in,,4
P4,Soprano L1/L2,56,36,2402,2,below,single,the,the,,8
P4,Soprano L1/L2,56,44,2410,2,below,single,sky,sky,yes,4
P4,Soprano L1/L2,66,16,2670,1,above,single,We,We,,4
P4,Soprano L1/L2,66,20,2674,1,above,begin,car,car-,,4
P4,Soprano L1/L2,66,26,2680,1,above,end,ry,-ry,,2
P4,Soprano L1/L2,66,28,2682,1,above,single,on,on,yes,4
P4,Soprano L1/L2,67,4,2690,1,above,single,with,with,,4
P4,Soprano L1/L2,67,8,2694,1,above,begin,flash,flash-,,8
P4,Soprano L1/L2,67,20,2706,1,above,end,lights,-lights,,8
P4,Soprano L1/L2,68,16,2734,1,above,single,we,we,,4
P4,Soprano L1/L2,68,20,2738,1,above,begin,car,car-,,4
P4,Soprano L1/L2,68,26,2744,1,above,end,ry,-ry,,2
P4,Soprano L1/L2,68,28,2746,1,above,single,on,on,yes,4
P4,Soprano L1/L2,69,16,2766,1,above,single,in,in,yes,16
P4,Soprano L1/L2,69,36,2786,1,below,single,in,in,yes,4
P4,Soprano L1/L2,70,8,2798,1,above,single,this:,this:,,16
P4,Soprano L1/L2,71,8,2846,1,above,single,new,new,,16
P4,Soprano L1/L2,72,0,2878,1,above,single,world.,world.,yes,24
P4,Soprano L1/L2,74,4,2962,1,above,single,Bright,Bright,yes,12
P4,Soprano L1/L2,75,8,2994,1,above,single,world.,world.,yes,16
P4,Soprano L1/L2,77,4,3078,1,above,single,"Bright,","Bright,",yes,4
P4,Soprano L1/L2,77,20,3094,1,above,single,shared,shared,,12
P4,Soprano L1/L2,78,0,3134,1,above,single,world,world,yes,32
P4,Soprano L1/L2,97,16,3566,1,above,single,Should,Should,,12
P4,Soprano L1/L2,97,28,3578,1,above,single,your,your,,4
P4,Soprano L1/L2,98,0,3598,1,above,single,"hands,","hands,",,24
P4,Soprano L1/L2,98,24,3622,1,above,single,grow,grow,,8
P4,Soprano L1/L2,98,32,3630,2,below,single,hands,hands,,8
P4,Soprano L1/L2,98,40,3638,2,below,single,grow,grow,yes,16
P4,Soprano L1/L2,99,0,3662,1,above,begin,wea,wea-,,16
P4,Soprano L1/L2,99,16,3678,1,above,end,ry,-ry,yes,16
P4,Soprano L1/L2,99,32,3694,2,below,begin,wea,wea-,,8
P4,Soprano L1/L2,99,40,3702,2,below,end,ry,-ry,,24
P4,Soprano L1/L2,100,24,3750,1,above,begin,car,car-,,8
P4,Soprano L1/L2,100,32,3758,2,below,single,I'll,I'll,,24
P4,Soprano L1/L2,101,0,3790,1,above,end,ry,-ry,,32
P4,Soprano L1/L2,102,20,3874,1,above,single,yours,yours,yes,4
P4,Soprano L1/L2,102,48,3902,2,below,single,yours,yours,yes,16
P4,Soprano L1/L2,103,8,3926,1,above,single,too,too,yes,4
P4,Soprano L1/L2,104,8,3990,1,above,single,One,One,,24
P4,Soprano L1/L2,105,0,4038,1,above,single,"light,","light,",,32
P4,Soprano L1/L2,106,8,4110,1,above,single,though,though,,24
P4,Soprano L1/L2,107,0,4158,1,above,single,"dim,","dim,",,16
P4,Soprano L1/L2,108,0,4206,1,above,single,with,with,,16
P4,Soprano L1/L2,108,16,4222,1,above,single,"love,","love,",yes,8
P4,Soprano L1/L2,110,0,4302,1,above,single,can,can,,24
P4,Soprano L1/L2,110,24,4326,1,above,single,pierce,pierce,yes,8
P4,Soprano L1/L2,111,48,4414,1,below,single,pierce,pierce,yes,16
P4,Soprano L1/L2,112,40,4470,1,below,single,night,night,yes,24
P4,Soprano L1/L2,113,56,4550,1,below,single,night,night,yes,8
P4,Soprano L1/L2,115,16,4638,1,above,single,Who,Who,yes,16
P4,Soprano L1/L2,116,8,4678,1,above,single,are,are,,8
P4,Soprano L1/L2,116,16,4686,1,above,single,we?,we?,,8
P4,Soprano L1/L2,117,16,4742,1,above,single,Warm,Warm,,8
P4,Soprano L1/L2,118,8,4766,1,above,single,hearts,hearts,,8
P4,Soprano L1/L2,119,8,4806,1,above,single,light,light,,8
P4,Soprano L1/L2,120,8,4838,1,above,single,Where,Where,,8
P4,Soprano L1/L2,120,16,4846,1,above,single,are,are,,8
P4,Soprano L1/L2,121,0,4870,1,above,single,we?,we?,,8
P4,Soprano L1/L2,122,0,4902,1,above,single,In,In,,8
P4,Soprano L1/L2,122,16,4918,1,above,single,the,the,,8
P4,Soprano L1/L2,124,0,4966,1,above,single,night.,night.,,8
P4,Soprano L1/L2,130,12,5130,1,above,single,In,In,,4
P4,Soprano L1/L2,131,4,5150,1,above,single,the,the,,4
P4,Soprano L1/L2,132,4,5178,1,above,single,night.,night.,,4
P4,Soprano L1/L2,132,12,5186,1,above,single,Bring,Bring,,12
P4,Soprano L1/L2,133,12,5226,1,above,single,light.,light.,,12
P4,Soprano L1/L2,134,20,5270,1,above,single,(Light),(Light),,4
P4,Soprano L1/L2,135,4,5282,1,above,single,In,In,,4
P4,Soprano L1/L2,135,16,5294,1,above,single,the,the,yes,8
P4,Soprano L1/L2,137,12,5366,1,above,single,night.,night.,,4
P4,Soprano L1/L2,138,8,5390,1,above,single,We,We,,8
P4,Soprano L1/L2,138,20,5402,1,above,single,bring,bring,,4
P4,Soprano L1/L2,139,12,5430,1,above,single,light,light,,12
P4,Soprano L1/L2,140,8,5462,1,above,single,Hmm.,Hmm.,yes,16
P4,Soprano L1/L2,141,8,5510,1,above,single,Hmm.,Hmm.,yes,16
P4,Soprano L1/L2,142,16,5566,1,above,single,Hmm.,Hmm.,yes,8
P4,Soprano L1/L2,144,16,5662,1,above,single,Hmm.,Hmm.,yes,8
P4,Soprano L1/L2,148,0,5822,1,above,single,Hmm.,Hmm.,,24
P4,Soprano L1/L2,149,0,5870,1,above,single,Hmm.,Hmm.,yes,24
P5,Alto L1/L2,2,0,0,1,above,single,Here,Here,,48
P5,Alto L1/L2,2,48,48,1,above,single,"now,","now,",,48
P5,Alto L1/L2,3,18,114,1,above,begin,a,a-,,6
P5,Alto L1/L2,3,24,120,1,above,end,wake,-wake,,24
P5,Alto L1/L2,3,84,180,1,above,begin,with,with-,,12
P5,Alto L1/L2,4,0,192,1,above,end,no,-no,,48
P5,Alto L1/L2,4,48,240,1,above,single,light,light,yes,48
P5,Alto L1/L2,7,48,648,1,above,single,Who,Who,yes,48
P5,Alto L1/L2,8,24,768,1,above,single,who,who,,24
P5,Alto L1/L2,8,48,792,1,above,single,sees?,sees?,,48
P5,Alto L1/L2,9,0,936,1,above,single,Who,Who,,24
P5,Alto L1/L2,9,24,960,1,above,single,"sees,","sees,",yes,24
P5,Alto L1/L2,9,72,1008,1,above,single,Oh,Oh,,24
P5,Alto L1/L2,10,0,1104,1,above,single,"Life,","Life,",,24
P5,Alto L1/L2,10,24,1128,1,above,single,light;,light;,,24
P5,Alto L1/L2,10,48,1152,1,above,single,"life,","life,",yes,48
P5,Alto L1/L2,11,18,1314,1,above,begin,A,A-,,6
P5,Alto L1/L2,11,114,1410,1,below,end,rise!,-rise!,,72
P5,Alto L1/L2,12,24,1506,1,above,single,Here!,Here!,,48
P5,Alto L1/L2,12,84,1566,1,above,single,Look,Look,,6
P5,Alto L1/L2,12,90,1572,1,above,single,at,at,,6
P5,Alto L1/L2,13,0,1638,1,above,single,this!,this!,,24
P5,Alto L1/L2,13,36,1674,1,above,single,A,A,,6
P5,Alto L1/L2,13,42,1680,1,above,begin,cre,cre-,,6
P5,Alto L1/L2,13,48,1686,1,above,middle,a,a-,,18
P5,Alto L1/L2,13,66,1704,1,above,end,tion,-tion,,6
P5,Alto L1/L2,13,72,1710,1,above,single,age!,age!,yes,24
P5,Alto L1/L2,14,84,1914,1,above,single,They,They,,6
P5,Alto L1/L2,14,90,1920,1,above,single,will,will,,6
P5,Alto L1/L2,15,0,1986,1,above,single,build,build,,24
P5,Alto L1/L2,15,36,2022,1,above,single,as,as,,12
P5,Alto L1/L2,15,48,2034,1,above,single,we,we,,18
P5,Alto L1/L2,15,66,2052,1,above,begin,de,de-,,6
P5,Alto L1/L2,15,72,2058,1,above,end,sign!,-sign!,yes,24
P5,Alto L1/L2,16,12,2178,1,above,single,We,We,,6
P5,Alto L1/L2,16,18,2184,1,above,single,can,can,,6
P5,Alto L1/L2,16,24,2190,1,above,begin,fin,fin-,,8
P5,Alto L1/L2,16,32,2198,1,above,end,'ly,-'ly,,8
P5,Alto L1/L2,16,40,2206,1,above,begin,i,i-,,8
P5,Alto L1/L2,16,48,2214,1,above,middle,mag,mag-,,18
P5,Alto L1/L2,16,66,2232,1,above,end,ine,-ine,,6
P5,Alto L1/L2,16,72,2238,1,above,single,now.,now.,yes,24
P5,Alto L1/L2,18,36,2562,1,above,single,what,what,,6
P5,Alto L1/L2,18,42,2568,1,above,single,a,a,,6
P5,Alto L1/L2,18,48,2574,1,above,single,world!,world!,,48
P5,Alto L1/L2,19,24,2706,1,above,single,tides,tides,,48
P5,Alto L1/L2,19,72,2754,1,above,single,will,will,,24
P5,Alto L1/L2,20,0,2850,1,above,single,start,start,yes,24
P5,Alto L1/L2,20,42,2892,1,above,single,to,to,,6
P5,Alto L1/L2,20,48,2898,1,above,single,turn,turn,yes,48
P5,Alto L1/L2,24,0,3402,1,above,single,in,in,,12
P5,Alto L1/L2,24,12,3414,1,above,single,the,the,,12
P5,Alto L1/L2,24,24,3426,1,above,single,night,night,,72
P5,Alto L1/L2,25,18,3612,1,above,single,at,at,,6
P5,Alto L1/L2,25,24,3618,1,above,single,last,last,,48
P5,Alto L1/L2,28,0,3954,1,below,single,we,we,,48
P5,Alto L1/L2,28,48,4002,1,below,single,rest,rest,yes,48
P5,Alto L1/L2,31,12,4254,1,above,single,"Here,","Here,",,12
P5,Alto L1/L2,32,36,4386,1,above,single,look,look,,12
P5,Alto L1/L2,32,60,4410,1,above,single,"here,","here,",,12
P5,Alto L1/L2,34,36,4554,1,above,single,look,look,,6
P5,Alto L1/L2,34,42,4560,1,above,single,at,at,,6
P5,Alto L1/L2,34,48,4566,1,above,single,this!,this!,,24
P5,Alto L1/L2,35,12,4638,1,above,single,new,new,yes,12
P5,Alto L1/L2,36,24,4782,1,above,single,light,light,,24
P5,Alto L1/L2,38,0,4998,1,above,begin,Shin,Shin-,,36
P5,Alto L1/L2,38,48,5046,1,above,end,ing,-ing,,36
P5,Alto L1/L2,38,84,5082,1,above,single,in,in,yes,12
P5,Alto L1/L2,38,96,5094,1,below,begin,Shin,Shin-,yes,36
P5,Alto L1/L2,38,144,5142,1,below,end,ing,-ing,,36
P5,Alto L1/L2,38,180,5178,1,below,single,in,in,,12
P5,Alto L1/L2,39,24,5214,1,above,single,night,night,,24
P5,Alto L1/L2,39,96,5286,1,below,single,night,night,,72
P5,Alto L1/L2,40,24,5382,1,above,single,bloom,bloom,yes,24
P5,Alto L1/L2,41,12,5538,1,above,single,as,as,yes,12
P5,Alto L1/L2,42,0,5718,1,above,begin,au,au-,,96
P5,Alto L1/L2,43,12,5922,1,above,end,tumn,-tumn,yes,12
P5,Alto L1/L2,43,144,6054,1,below,single,tumn,tumn,,24
P5,Alto L1/L2,45,0,6174,1,above,single,Here,Here,yes,24
P5,Alto L1/L2,48,24,6450,1,above,single,With,With,,24
P5,Alto L1/L2,48,48,6474,1,above,begin,co,co-,,24
P5,Alto L1/L2,49,12,6558,1,above,end,lor,-lor,,36
P5,Alto L1/L2,49,48,6594,1,above,single,pre,pre,,24
P5,Alto L1/L2,50,0,6690,1,above,begin,ced,ced-,,48
P5,Alto L1/L2,50,48,6738,1,above,end,ing,-ing,yes,24
P5,Alto L1/L2,51,12,6846,1,above,single,night,night,yes,12
P5,Alto L1/L2,52,12,7038,1,above,single,ah,ah,,12
P5,Alto L1/L2,52,36,7062,1,above,single,ah,ah,,12
P5,Alto L1/L2,52,60,7086,1,above,single,ah,ah,yes,12
P5,Alto L1/L2,53,24,7170,1,above,single,ah,ah,,48
P5,Alto L1/L2,54,0,7290,1,above,begin,flur,flur-,,24
P5,Alto L1/L2,54,24,7314,1,above,end,ries,-ries,,36
P5,Alto L1/L2,54,60,7350,1,above,single,of,of,,12
P5,Alto L1/L2,54,84,7374,1,below,single,ries,ries,yes,12
P5,Alto L1/L2,54,120,7410,1,below,single,of,of,,24
P5,Alto L1/L2,55,0,7434,1,above,begin,co,co-,,12
P5,Alto L1/L2,55,12,7446,1,above,end,lor,-lor,yes,12
P5,Alto L1/L2,55,72,7506,1,below,begin,co,co-,,24
P5,Alto L1/L2,55,96,7530,1,below,end,lor,-lor,,36
P5,Alto L1/L2,55,132,7566,1,below,single,in,in,yes,12
P5,Alto L1/L2,56,0,7578,1,above,single,in,in,,12
P5,Alto L1/L2,56,12,7590,1,above,single,the,the,yes,12
P5,Alto L1/L2,56,60,7638,1,above,single,sky,sky,yes,12
P5,Alto L1/L2,56,96,7674,1,below,single,the,the,,12
P5,Alto L1/L2,56,108,7686,1,below,single,sky,sky,,36
P5,Alto L1/L2,58,24,7842,1,above,single,light,light,yes,48
P5,Alto L1/L2,60,84,8166,1,above,single,deep,deep,yes,12
P5,Alto L1/L2,61,48,8322,1,above,begin,shad,shad-,,12
P5,Alto L1/L2,61,60,8334,1,above,end,ows,-ows,,36
P5,Alto L1/L2,67,0,8850,1,above,single,ours,ours,yes,36
P5,Alto L1/L2,69,0,9150,1,above,single,in,in,yes,12
P5,Alto L1/L2,70,24,9282,1,above,single,this:,this:,,48
P5,Alto L1/L2,71,24,9426,1,above,single,new,new,,48
P5,Alto L1/L2,72,0,9522,1,above,single,world.,world.,yes,72
P5,Alto L1/L2,74,12,9774,1,above,single,Bright,Bright,yes,36
P5,Alto L1/L2,75,24,9870,1,above,single,world.,world.,yes,48
P5,Alto L1/L2,77,12,10122,1,above,single,"Bright,","Bright,",yes,12
P5,Alto L1/L2,77,60,10170,1,above,single,shared,shared,,36
P5,Alto L1/L2,78,0,10290,1,above,single,world,world,yes,48
P5,Alto L1/L2,98,0,11634,1,above,single,hands,hands,,24
P5,Alto L1/L2,98,24,11658,1,above,single,grow,grow,yes,72
P5,Alto L1/L2,99,72,11898,1,above,begin,wea,wea-,,24
P5,Alto L1/L2,99,96,11922,1,below,begin,wea,wea-,yes,24
P5,Alto L1/L2,99,120,11946,1,below,end,ry,-ry,yes,72
P5,Alto L1/L2,100,0,12018,1,above,end,ry,-ry,,48
P5,Alto L1/L2,100,48,12066,1,above,single,I'll,I'll,,24
P5,Alto L1/L2,100,72,12090,1,above,begin,car,car-,,24
P5,Alto L1/L2,100,96,12114,1,below,single,I'll,I'll,,96
P5,Alto L1/L2,101,24,12234,1,above,end,ry,-ry,,24
P5,Alto L1/L2,101,48,12258,1,above,single,your,your,,48
P5,Alto L1/L2,101,96,12306,1,below,begin,car,car-,,48
P5,Alto L1/L2,101,156,12366,1,below,end,ry,-ry,,36
P5,Alto L1/L2,102,0,12402,1,above,single,light,light,yes,96
P5,Alto L1/L2,102,168,12570,1,below,single,yours,yours,yes,24
P5,Alto L1/L2,103,24,12618,1,above,single,too,too,yes,12
P5,Alto L1/L2,103,132,12726,1,below,single,too,too,yes,12
P5,Alto L1/L2,104,24,12810,1,above,single,One,One,,72
P5,Alto L1/L2,105,0,12954,1,above,single,"light,","light,",,96
P5,Alto L1/L2,106,24,13170,1,above,single,though,though,,72
P5,Alto L1/L2,107,0,13314,1,above,single,"dim,","dim,",,48
P5,Alto L1/L2,108,0,13458,1,above,single,with,with,,48
P5,Alto L1/L2,108,48,13506,1,above,single,"love,","love,",yes,24
P5,Alto L1/L2,110,0,13746,1,above,single,can,can,yes,96
P5,Alto L1/L2,111,48,13986,1,above,single,pierce,pierce,yes,48
P5,Alto L1/L2,112,24,14154,1,above,single,night.,night.,yes,72
P5,Alto L1/L2,113,72,14394,1,above,single,night,night,yes,24
P5,Alto L1/L2,115,48,14754,1,above,single,Who,Who,yes,48
P5,Alto L1/L2,116,24,14874,1,above,single,are,are,,24
P5,Alto L1/L2,116,48,14898,1,above,single,we?,we?,,24
P5,Alto L1/L2,117,48,15066,1,above,single,Warm,Warm,,24
P5,Alto L1/L2,118,24,15138,1,above,single,hearts,hearts,,24
P5,Alto L1/L2,119,24,15258,1,above,single,light,light,,24
P5,Alto L1/L2,120,24,15354,1,above,single,Where,Where,,24
P5,Alto L1/L2,120,48,15378,1,above,single,are,are,,24
P5,Alto L1/L2,121,0,15450,1,above,single,we?,we?,,24
P5,Alto L1/L2,122,0,15546,1,above,single,In,In,,24
P5,Alto L1/L2,122,48,15594,1,above,single,the,the,,24
P5,Alto L1/L2,124,0,15738,1,above,single,night.,night.,,24
P5,Alto L1/L2,124,48,15786,1,above,single,Who,Who,,24
P5,Alto L1/L2,125,12,15870,1,above,single,are,are,,12
P5,Alto L1/L2,126,0,15942,1,above,single,we?,we?,,24
P5,Alto L1/L2,127,0,16038,1,above,single,Warm,Warm,,12
P5,Alto L1/L2,127,12,16050,1,above,single,hearts,hearts,,12
P5,Alto L1/L2,127,48,16086,1,above,single,light.,light.,,24
P5,Alto L1/L2,128,24,16182,1,above,single,Our,Our,,24
P5,Alto L1/L2,129,24,16278,1,above,single,new,new,,24
P5,Alto L1/L2,129,48,16302,1,above,single,home.,home.,,24
P5,Alto L1/L2,130,36,16410,1,above,single,In,In,,12
P5,Alto L1/L2,131,12,16470,1,above,single,the,the,,12
P5,Alto L1/L2,132,12,16554,1,above,single,night.,night.,,12
P5,Alto L1/L2,132,36,16578,1,above,single,Bring,Bring,,36
P5,Alto L1/L2,133,36,16698,1,above,single,light.,light.,,36
P5,Alto L1/L2,134,60,16830,1,above,single,(Light),(Light),,12
P5,Alto L1/L2,135,12,16866,1,above,single,In,In,,12
P5,Alto L1/L2,135,48,16902,1,above,single,the,the,yes,24
P5,Alto L1/L2,137,36,17118,1,above,single,night.,night.,,12
P5,Alto L1/L2,138,24,17190,1,above,single,We,We,,24
P5,Alto L1/L2,138,60,17226,1,above,single,bring,bring,,12
P5,Alto L1/L2,139,36,17310,1,above,single,light,light,,36
P5,Alto L1/L2,140,24,17406,1,above,single,Hmm.,Hmm.,yes,48
P5,Alto L1/L2,141,24,17550,1,above,single,Hmm.,Hmm.,yes,48
P5,Alto L1/L2,142,48,17718,1,above,single,Hmm.,Hmm.,yes,24
P5,Alto L1/L2,144,48,18006,1,above,single,Hmm.,Hmm.,yes,24
P5,Alto L1/L2,148,0,18486,1,above,single,Hmm.,Hmm.,,72
P5,Alto L1/L2,149,0,18630,1,above,single,Hmm.,Hmm.,yes,72
P6,Tenor/Bass L,2,0,0,1,above,single,Here,Here,,48
P6,Tenor/Bass L,2,48,48,1,above,single,"now,","now,",,48
P6,Tenor/Bass L,3,18,210,1,above,begin,a,a-,,6
P6,Tenor/Bass L,3,24,216,1,above,end,wake,-wake,,24
P6,Tenor/Bass L,3,84,276,1,above,begin,with,with-,,12
P6,Tenor/Bass L,4,0,384,1,above,end,no,-no,,48
P6,Tenor/Bass L,4,48,432,1,above,single,light,light,yes,48
P6,Tenor/Bass L,4,168,552,1,below,single,light,light,yes,24
P6,Tenor/Bass L,5,120,696,1,below,single,who,who,,24
P6,Tenor/Bass L,5,144,720,1,below,single,sees,sees,yes,24
P6,Tenor/Bass L,5,186,762,1,below,begin,be,be-,,6
P6,Tenor/Bass L,6,96,864,1,below,end,yond?,-yond?,,72
P6,Tenor/Bass L,7,24,984,1,above,single,Who,Who,yes,24
P6,Tenor/Bass L,8,0,1128,1,above,single,sees?,sees?,,96
P6,Tenor/Bass L,9,0,1320,1,above,single,Who,Who,,24
P6,Tenor/Bass L,9,24,1344,1,above,single,"sees,","sees,",yes,24
P6,Tenor/Bass L,9,72,1392,1,above,single,Oh,Oh,,24
P6,Tenor/Bass L,10,0,1512,1,above,single,"Life,","Life,",,24
P6,Tenor/Bass L,10,24,1536,1,above,single,light;,light;,,24
P6,Tenor/Bass L,10,48,1560,1,above,single,we,we,,8
P6,Tenor/Bass L,10,56,1568,1,above,single,are,are,,8
P6,Tenor/Bass L,10,64,1576,1,above,begin,con,con-,,8
P6,Tenor/Bass L,10,72,1584,1,above,middle,nec,nec-,,8
P6,Tenor/Bass L,10,80,1592,1,above,end,ted,-ted,,8
P6,Tenor/Bass L,10,88,1600,1,above,single,by,by,,8
P6,Tenor/Bass L,10,144,1656,1,below,single,"life,","life,",,24
P6,Tenor/Bass L,10,168,1680,1,below,begin,Seek,Seek-,,8
P6,Tenor/Bass L,10,176,1688,1,below,end,ing,-ing,,8
P6,Tenor/Bass L,10,184,1696,1,below,single,the,the,,8
P6,Tenor/Bass L,11,0,1704,1,above,single,"life,","life,",,12
P6,Tenor/Bass L,11,18,1722,1,above,single,A,A,,6
P6,Tenor/Bass L,11,96,1800,1,below,single,light.,light.,,12
P6,Tenor/Bass L,11,114,1818,1,below,single,rise!,rise!,,72
P6,Tenor/Bass L,12,24,1914,1,above,single,Here!,Here!,,48
P6,Tenor/Bass L,12,84,1974,1,above,single,Look,Look,,6
P6,Tenor/Bass L,12,90,1980,1,above,single,at,at,,6
P6,Tenor/Bass L,12,96,1986,1,below,single,"Here,","Here,",,36
P6,Tenor/Bass L,12,132,2022,1,below,single,here!,here!,yes,12
P6,Tenor/Bass L,13,0,2070,1,above,single,this!,this!,,24
P6,Tenor/Bass L,13,36,2106,1,above,single,A,A,,6
P6,Tenor/Bass L,13,42,2112,1,above,begin,cre,cre-,,6
P6,Tenor/Bass L,13,48,2118,1,above,middle,a,a-,,18
P6,Tenor/Bass L,13,66,2136,1,above,end,tion,-tion,,6
P6,Tenor/Bass L,13,72,2142,1,above,single,age!,age!,yes,24
P6,Tenor/Bass L,14,84,2346,1,above,single,They,They,,6
P6,Tenor/Bass L,14,90,2352,1,above,single,will,will,,6
P6,Tenor/Bass L,15,0,2418,1,above,single,build,build,,24
P6,Tenor/Bass L,15,36,2454,1,above,single,as,as,,12
P6,Tenor/Bass L,15,48,2466,1,above,single,we,we,,18
P6,Tenor/Bass L,15,66,2484,1,above,begin,de,de-,,6
P6,Tenor/Bass L,15,72,2490,1,above,end,sign!,-sign!,yes,24
P6,Tenor/Bass L,16,12,2622,1,above,single,We,We,,6
P6,Tenor/Bass L,16,18,2628,1,above,single,can,can,,6
P6,Tenor/Bass L,16,24,2634,1,above,begin,fin,fin-,,8
P6,Tenor/Bass L,16,32,2642,1,above,end,'ly,-'ly,,8
P6,Tenor/Bass L,16,40,2650,1,above,begin,i,i-,,8
P6,Tenor/Bass L,16,48,2658,1,above,middle,mag,mag-,,18
P6,Tenor/Bass L,16,66,2676,1,above,end,ine,-ine,,6
P6,Tenor/Bass L,16,72,2682,1,above,single,now.,now.,yes,24
P6,Tenor/Bass L,17,36,2838,1,above,single,oh,oh,yes,12
P6,Tenor/Bass L,18,24,3018,1,above,single,what,what,,6
P6,Tenor/Bass L,18,30,3024,1,above,single,a,a,,6
P6,Tenor/Bass L,18,132,3126,1,below,single,world!,world!,yes,24
P6,Tenor/Bass L,19,72,3246,1,above,single,will,will,,24
P6,Tenor/Bass L,19,120,3294,1,below,single,tides,tides,,72
P6,Tenor/Bass L,20,0,3366,1,above,single,start,start,yes,24
P6,Tenor/Bass L,20,42,3408,1,above,single,to,to,,6
P6,Tenor/Bass L,20,48,3414,1,above,single,turn,turn,yes,48
P6,Tenor/Bass L,20,96,3462,1,below,single,will,will,,24
P6,Tenor/Bass L,20,120,3486,1,below,single,turn,turn,yes,72
P6,Tenor/Bass L,23,0,3822,1,above,single,In,In,yes,96
P6,Tenor/Bass L,24,24,3942,1,above,single,"night,","night,",,72
P6,Tenor/Bass L,25,18,4032,1,above,single,at,at,,6
P6,Tenor/Bass L,25,24,4038,1,above,single,last,last,,48
P6,Tenor/Bass L,28,0,4374,1,above,single,we,we,,48
P6,Tenor/Bass L,28,48,4422,1,above,single,rest,rest,yes,48
P6,Tenor/Bass L,31,12,4674,1,above,single,"Here,","Here,",,12
P6,Tenor/Bass L,32,36,4806,1,above,single,look,look,,12
P6,Tenor/Bass L,32,60,4830,1,above,single,"here,","here,",,12
P6,Tenor/Bass L,34,36,4974,1,above,single,look,look,,6
P6,Tenor/Bass L,34,42,4980,1,above,single,at,at,,6
P6,Tenor/Bass L,34,48,4986,1,above,single,this!,this!,,24
P6,Tenor/Bass L,35,12,5058,1,above,single,new,new,yes,12
P6,Tenor/Bass L,35,72,5118,1,below,single,new,new,yes,48
P6,Tenor/Bass L,36,24,5190,1,above,single,light,light,yes,24
P6,Tenor/Bass L,38,36,5442,1,above,begin,Shin,Shin-,,12
P6,Tenor/Bass L,38,48,5454,1,above,end,"ing,","-ing,",,24
P6,Tenor/Bass L,38,84,5490,1,above,begin,sing,sing-,,6
P6,Tenor/Bass L,38,90,5496,1,above,end,"ing,","-ing,",yes,6
P6,Tenor/Bass L,39,24,5526,1,above,single,this,this,,12
P6,Tenor/Bass L,39,36,5538,1,above,single,will,will,,12
P6,Tenor/Bass L,39,60,5562,1,above,single,"bloom,","bloom,",yes,12
P6,Tenor/Bass L,39,96,5598,1,below,single,in,in,,48
P6,Tenor/Bass L,39,144,5646,1,below,single,night,night,,24
P6,Tenor/Bass L,39,168,5670,1,below,single,we,we,yes,24
P6,Tenor/Bass L,40,0,5694,1,above,single,bloom,bloom,yes,24
P6,Tenor/Bass L,41,12,5874,1,above,single,as,as,yes,12
P6,Tenor/Bass L,42,0,6054,1,above,single,au,au,yes,72
P6,Tenor/Bass L,43,12,6258,1,above,single,as,as,,24
P6,Tenor/Bass L,43,36,6282,1,above,begin,au,au-,,12
P6,Tenor/Bass L,43,168,6414,1,below,end,tumn,-tumn,yes,24
P6,Tenor/Bass L,44,24,6462,1,above,single,tumn,tumn,yes,24
P6,Tenor/Bass L,45,0,6630,1,above,single,Here,Here,yes,24
P6,Tenor/Bass L,46,72,6834,1,below,single,for,for,,48
P6,Tenor/Bass L,46,120,6882,1,below,single,night,night,yes,24
P6,Tenor/Bass L,49,48,7194,1,below,begin,pre,pre-,,24
P6,Tenor/Bass L,50,0,7218,1,below,middle,ced,ced-,,48
P6,Tenor/Bass L,50,48,7266,1,below,end,ing,-ing,yes,24
P6,Tenor/Bass L,51,12,7302,1,below,single,night,night,yes,12
P6,Tenor/Bass L,52,0,7386,1,below,single,in,in,yes,12
P6,Tenor/Bass L,52,24,7410,1,below,single,night,night,yes,48
P6,Tenor/Bass L,54,0,7530,1,above,begin,flur,flur-,,48
P6,Tenor/Bass L,54,48,7578,1,above,end,ries,-ries,yes,24
P6,Tenor/Bass L,57,24,7890,1,above,single,Where,Where,,24
P6,Tenor/Bass L,57,48,7914,1,above,single,sleeps,sleeps,yes,24
P6,Tenor/Bass L,58,12,7998,1,above,single,the,the,,12
P6,Tenor/Bass L,58,24,8010,1,above,single,light?,light?,yes,48
P6,Tenor/Bass L,60,180,8454,1,below,single,Deep,Deep,yes,12
P6,Tenor/Bass L,61,144,8610,1,below,begin,shad,shad-,,12
P6,Tenor/Bass L,61,156,8622,1,below,end,ows,-ows,,36
P6,Tenor/Bass L,62,48,8706,1,below,single,live,live,yes,24
P6,Tenor/Bass L,63,48,8778,1,below,single,in,in,yes,24
P6,Tenor/Bass L,65,24,8898,1,below,single,night.,night.,,48
P6,Tenor/Bass L,67,24,9162,1,above,single,We'll,We'll,,12
P6,Tenor/Bass L,67,36,9174,1,above,begin,car,car-,,12
P6,Tenor/Bass L,67,54,9192,1,above,end,ry,-ry,,6
P6,Tenor/Bass L,67,60,9198,1,above,single,ours,ours,,36
P6,Tenor/Bass L,68,0,9282,1,above,single,here,here,,48
P6,Tenor/Bass L,68,60,9342,1,above,single,in,in,,12
P6,Tenor/Bass L,68,72,9354,1,above,begin,dark,dark-,,24
P6,Tenor/Bass L,69,0,9378,1,above,end,ness,-ness,,48
P6,Tenor/Bass L,69,72,9450,1,below,single,So,So,,12
P6,Tenor/Bass L,69,84,9462,1,below,single,here:,here:,yes,12
P6,Tenor/Bass L,69,114,9492,1,below,begin,em,em-,,6
P6,Tenor/Bass L,69,120,9498,1,below,end,brace,-brace,yes,24
P6,Tenor/Bass L,70,48,9570,1,below,single,this:,this:,,24
P6,Tenor/Bass L,71,24,9618,1,above,single,new,new,,48
P6,Tenor/Bass L,72,0,9714,1,above,single,world.,world.,yes,72
P6,Tenor/Bass L,74,12,9966,1,above,single,Bright,Bright,yes,36
P6,Tenor/Bass L,75,24,10062,1,above,single,world.,world.,yes,48
P6,Tenor/Bass L,77,12,10314,1,above,single,"Bright,","Bright,",yes,12
P6,Tenor/Bass L,77,60,10362,1,above,single,shared,shared,,36
P6,Tenor/Bass L,78,0,10482,1,above,single,world,world,yes,48
P6,Tenor/Bass L,97,24,11754,1,below,single,should,should,,48
P6,Tenor/Bass L,97,72,11802,1,below,single,your,your,yes,24
P6,Tenor/Bass L,98,24,11850,1,above,single,hands,hands,,24
P6,Tenor/Bass L,98,48,11874,1,above,single,grow,grow,,48
P6,Tenor/Bass L,99,24,12042,1,above,begin,wea,wea-,,48
P6,Tenor/Bass L,99,72,12090,1,above,end,ry,-ry,yes,24
P6,Tenor/Bass L,99,96,12114,1,below,begin,wea,wea-,,48
P6,Tenor/Bass L,99,144,12162,1,below,end,ry,-ry,,48
P6,Tenor/Bass L,100,48,12258,1,above,single,I'll,I'll,,24
P6,Tenor/Bass L,100,72,12282,1,above,begin,car,car-,,24
P6,Tenor/Bass L,100,120,12330,1,below,single,I'll,I'll,,24
P6,Tenor/Bass L,100,144,12354,1,below,begin,car,car-,,24
P6,Tenor/Bass L,100,168,12378,1,below,end,ry,-ry,yes,24
P6,Tenor/Bass L,101,24,12426,1,above,end,ry,-ry,,72
P6,Tenor/Bass L,102,0,12594,1,above,single,your,your,yes,12
P6,Tenor/Bass L,102,36,12630,1,above,single,light,light,yes,12
P6,Tenor/Bass L,102,96,12690,1,below,single,your,your,,36
P6,Tenor/Bass L,102,132,12726,1,below,single,light,light,yes,12
P6,Tenor/Bass L,103,24,12810,1,above,single,(Yours,(Yours,yes,12
P6,Tenor/Bass L,103,48,12834,1,above,single,too.),too.),yes,12
P6,Tenor/Bass L,103,120,12906,1,below,single,too,too,,72
P6,Tenor/Bass L,104,24,13002,1,above,single,One,One,,72
P6,Tenor/Bass L,105,0,13146,1,above,single,"light,","light,",,96
P6,Tenor/Bass L,106,24,13362,1,above,single,though,though,,72
P6,Tenor/Bass L,107,0,13506,1,above,single,"dim,","dim,",,48
P6,Tenor/Bass L,108,0,13650,1,above,single,with,with,,48
P6,Tenor/Bass L,108,48,13698,1,above,single,"love,","love,",yes,24
P6,Tenor/Bass L,110,0,13938,1,above,single,can,can,yes,96
P6,Tenor/Bass L,112,24,14346,1,above,single,night,night,yes,72
P6,Tenor/Bass L,113,168,14682,1,below,single,night,night,yes,24
P6,Tenor/Bass L,115,48,14946,1,above,single,Who,Who,yes,48
P6,Tenor/Bass L,116,24,15066,1,above,single,are,are,,24
P6,Tenor/Bass L,116,48,15090,1,above,single,we?,we?,,24
P6,Tenor/Bass L,117,48,15258,1,above,single,Warm,Warm,,24
P6,Tenor/Bass L,118,24,15330,1,above,single,hearts,hearts,,24
P6,Tenor/Bass L,119,24,15450,1,above,single,light,light,,24
P6,Tenor/Bass L,120,24,15546,1,above,single,Where,Where,,24
P6,Tenor/Bass L,120,48,15570,1,above,single,are,are,,24
P6,Tenor/Bass L,121,0,15642,1,above,single,we?,we?,,24
P6,Tenor/Bass L,122,0,15738,1,above,single,In,In,,24
P6,Tenor/Bass L,122,48,15786,1,above,single,the,the,,24
P6,Tenor/Bass L,124,0,15930,1,above,single,night.,night.,,24
P6,Tenor/Bass L,124,48,15978,1,above,single,Who,Who,,24
P6,Tenor/Bass L,125,12,16062,1,above,single,are,are,,12
P6,Tenor/Bass L,126,0,16134,1,above,single,we?,we?,,24
P6,Tenor/Bass L,127,0,16230,1,above,single,Warm,Warm,,12
P6,Tenor/Bass L,127,12,16242,1,above,single,hearts,hearts,,12
P6,Tenor/Bass L,127,48,16278,1,above,single,light.,light.,,24
P6,Tenor/Bass L,128,24,16374,1,above,single,Our,Our,,24
P6,Tenor/Bass L,129,24,16470,1,above,single,new,new,,24
P6,Tenor/Bass L,129,48,16494,1,above,single,home.,home.,,24
P6,Tenor/Bass L,130,36,16602,1,above,single,In,In,,12
P6,Tenor/Bass L,131,12,16662,1,above,single,the,the,,12
P6,Tenor/Bass L,132,12,16746,1,above,single,night.,night.,,12
P6,Tenor/Bass L,132,36,16770,1,above,single,Bring,Bring,,36
P6,Tenor/Bass L,133,36,16890,1,above,single,light.,light.,,36
P6,Tenor/Bass L,134,60,17022,1,above,single,(Light),(Light),,12
P6,Tenor/Bass L,135,12,17058,1,above,single,In,In,,12
P6,Tenor/Bass L,135,48,17094,1,above,single,the,the,yes,24
P6,Tenor/Bass L,137,36,17310,1,above,single,night.,night.,,12
P6,Tenor/Bass L,138,24,17382,1,above,single,We,We,,24
P6,Tenor/Bass L,138,60,17418,1,above,single,bring,bring,,12
P6,Tenor/Bass L,139,36,17502,1,above,single,light,light,,36
P6,Tenor/Bass L,140,24,17598,1,above,single,Hmm.,Hmm.,yes,48
P6,Tenor/Bass L,141,24,17742,1,above,single,Hmm.,Hmm.,yes,48
P6,Tenor/Bass L,142,48,17910,1,above,single,Hmm.,Hmm.,yes,24
P6,Tenor/Bass L,144,48,18198,1,above,single,Hmm.,Hmm.,yes,24
P6,Tenor/Bass L,148,0,18678,1,above,single,Hmm.,Hmm.,,72
P6,Tenor/Bass L,149,0,18822,1,above,single,Hmm.,Hmm.,yes,72
